pokemon,espece,forme,est_mega
Abomasnow,Abomasnow,,False
Abomasnow-Mega,Abomasnow,Mega,True
Absol,Absol,,False
Absol-Mega,Absol,Mega,True
Absol-Mega-Z,Absol,Mega-Z,True
Aegislash,Aegislash,,False
Aerodactyl,Aerodactyl,,False
Aerodactyl-Mega,Aerodactyl,Mega,True
Aggron,Aggron,,False
Aggron-Mega,Aggron,Mega,True
Alakazam,Alakazam,,False
Alakazam-Mega,Alakazam,Mega,True
Alcremie,Alcremie,,False
Altaria,Altaria,,False
Altaria-Mega,Altaria,Mega,True
Ampharos,Ampharos,,False
Ampharos-Mega,Ampharos,Mega,True
Annihilape,Annihilape,,False
Appletun,Appletun,,False
Araquanid,Araquanid,,False
Arbok,Arbok,,False
Arboliva,Arboliva,,False
Arcanine,Arcanine,,False
Arcanine-Hisui,Arcanine,Hisui,False
Archaludon,Archaludon,,False
Ariados,Ariados,,False
Armarouge,Armarouge,,False
Aromatisse,Aromatisse,,False
Audino,Audino,,False
Audino-Mega,Audino,Mega,True
Aurorus,Aurorus,,False
Avalugg,Avalugg,,False
Avalugg-Hisui,Avalugg,Hisui,False
Azumarill,Azumarill,,False
Banette,Banette,,False
Banette-Mega,Banette,Mega,True
Barbaracle,Barbaracle,,False
Barbaracle-Mega,Barbaracle,Mega,True
Basculegion,Basculegion,,False
Basculegion-F,Basculegion,F,False
Bastiodon,Bastiodon,,False
Baxcalibur,Baxcalibur,,False
Baxcalibur-Mega,Baxcalibur,Mega,True
Beartic,Beartic,,False
Beedrill,Beedrill,,False
Beedrill-Mega,Beedrill,Mega,True
Bellibolt,Bellibolt,,False
Blastoise,Blastoise,,False
Blastoise-Mega,Blastoise,Mega,True
Blaziken,Blaziken,,False
Blaziken-Mega,Blaziken,Mega,True
Camerupt,Camerupt,,False
Camerupt-Mega,Camerupt,Mega,True
Castform,Castform,,False
Ceruledge,Ceruledge,,False
Chandelure,Chandelure,,False
Chandelure-Mega,Chandelure,Mega,True
Charizard,Charizard,,False
Charizard-Mega-X,Charizard,Mega-X,True
Charizard-Mega-Y,Charizard,Mega-Y,True
Chesnaught,Chesnaught,,False
Chesnaught-Mega,Chesnaught,Mega,True
Chimecho,Chimecho,,False
Chimecho-Mega,Chimecho,Mega,True
Cinderace,Cinderace,,False
Clawitzer,Clawitzer,,False
Clefable,Clefable,,False
Clefable-Mega,Clefable,Mega,True
Cofagrigus,Cofagrigus,,False
Conkeldurr,Conkeldurr,,False
Corviknight,Corviknight,,False
Crabominable,Crabominable,,False
Crabominable-Mega,Crabominable,Mega,True
Decidueye,Decidueye,,False
Decidueye-Hisui,Decidueye,Hisui,False
Dedenne,Dedenne,,False
Delphox,Delphox,,False
Delphox-Mega,Delphox,Mega,True
Diggersby,Diggersby,,False
Ditto,Ditto,,False
Dragalge,Dragalge,,False
Dragalge-Mega,Dragalge,Mega,True
Dragapult,Dragapult,,False
Dragonite,Dragonite,,False
Dragonite-Mega,Dragonite,Mega,True
Drampa,Drampa,,False
Drampa-Mega,Drampa,Mega,True
Eelektross,Eelektross,,False
Eelektross-Mega,Eelektross,Mega,True
Emboar,Emboar,,False
Emboar-Mega,Emboar,Mega,True
Emolga,Emolga,,False
Empoleon,Empoleon,,False
Espathra,Espathra,,False
Espeon,Espeon,,False
Excadrill,Excadrill,,False
Excadrill-Mega,Excadrill,Mega,True
Falinks,Falinks,,False
Falinks-Mega,Falinks,Mega,True
Farfetch'd,Farfetch'd,,False
Farigiraf,Farigiraf,,False
Feraligatr,Feraligatr,,False
Feraligatr-Mega,Feraligatr,Mega,True
Flapple,Flapple,,False
Flareon,Flareon,,False
Floette-Eternal,Floette,Eternal,False
Floette-Mega,Floette,Mega,True
Florges,Florges,,False
Forretress,Forretress,,False
Froslass,Froslass,,False
Froslass-Mega,Froslass,Mega,True
Furfrou,Furfrou,,False
Gallade,Gallade,,False
Gallade-Mega,Gallade,Mega,True
Garbodor,Garbodor,,False
Garchomp,Garchomp,,False
Garchomp-Mega,Garchomp,Mega,True
Garchomp-Mega-Z,Garchomp,Mega-Z,True
Gardevoir,Gardevoir,,False
Gardevoir-Mega,Gardevoir,Mega,True
Garganacl,Garganacl,,False
Gengar,Gengar,,False
Gengar-Mega,Gengar,Mega,True
Gholdengo,Gholdengo,,False
Glaceon,Glaceon,,False
Glalie,Glalie,,False
Glalie-Mega,Glalie,Mega,True
Glimmora,Glimmora,,False
Glimmora-Mega,Glimmora,Mega,True
Gliscor,Gliscor,,False
Gogoat,Gogoat,,False
Golisopod,Golisopod,,False
Golisopod-Mega,Golisopod,Mega,True
Golurk,Golurk,,False
Golurk-Mega,Golurk,Mega,True
Goodra,Goodra,,False
Goodra-Hisui,Goodra,Hisui,False
Gourgeist,Gourgeist,,False
Gourgeist-Large,Gourgeist,Large,False
Gourgeist-Small,Gourgeist,Small,False
Gourgeist-Super,Gourgeist,Super,False
Grapploct,Grapploct,,False
Greninja,Greninja,,False
Greninja-Mega,Greninja,Mega,True
Grimmsnarl,Grimmsnarl,,False
Gyarados,Gyarados,,False
Gyarados-Mega,Gyarados,Mega,True
Hatterene,Hatterene,,False
Hawlucha,Hawlucha,,False
Hawlucha-Mega,Hawlucha,Mega,True
Heliolisk,Heliolisk,,False
Heracross,Heracross,,False
Heracross-Mega,Heracross,Mega,True
Hippowdon,Hippowdon,,False
Houndoom,Houndoom,,False
Houndoom-Mega,Houndoom,Mega,True
Houndstone,Houndstone,,False
Hydrapple,Hydrapple,,False
Hydreigon,Hydreigon,,False
Incineroar,Incineroar,,False
Indeedee,Indeedee,,False
Indeedee-F,Indeedee,F,False
Infernape,Infernape,,False
Inteleon,Inteleon,,False
Jolteon,Jolteon,,False
Kangaskhan,Kangaskhan,,False
Kangaskhan-Mega,Kangaskhan,Mega,True
Kingambit,Kingambit,,False
Kleavor,Kleavor,,False
Klefki,Klefki,,False
Kommo-o,Kommo,o,False
Krookodile,Krookodile,,False
Leafeon,Leafeon,,False
Liepard,Liepard,,False
Lopunny,Lopunny,,False
Lopunny-Mega,Lopunny,Mega,True
Lucario,Lucario,,False
Lucario-Mega,Lucario,Mega,True
Lucario-Mega-Z,Lucario,Mega-Z,True
Luxray,Luxray,,False
Lycanroc,Lycanroc,,False
Lycanroc-Dusk,Lycanroc,Dusk,False
Lycanroc-Midnight,Lycanroc,Midnight,False
Mabosstiff,Mabosstiff,,False
Machamp,Machamp,,False
Malamar,Malamar,,False
Malamar-Mega,Malamar,Mega,True
Mamoswine,Mamoswine,,False
Manectric,Manectric,,False
Manectric-Mega,Manectric,Mega,True
Maushold,Maushold,,False
Mawile,Mawile,,False
Mawile-Mega,Mawile,Mega,True
Medicham,Medicham,,False
Medicham-Mega,Medicham,Mega,True
Meganium,Meganium,,False
Meganium-Mega,Meganium,Mega,True
Meowscarada,Meowscarada,,False
Meowstic,Meowstic,,False
Meowstic-F-Mega,Meowstic,F-Mega,True
Meowstic-M-Mega,Meowstic,M-Mega,True
Metagross,Metagross,,False
Metagross-Mega,Metagross,Mega,True
Milotic,Milotic,,False
Mimikyu,Mimikyu,,False
Morpeko,Morpeko,,False
Mr. Mime,Mr. Mime,,False
Mr. Rime,Mr. Rime,,False
Mudsdale,Mudsdale,,False
Musharna,Musharna,,False
Ninetales,Ninetales,,False
Ninetales-Alola,Ninetales,Alola,False
Noivern,Noivern,,False
Oranguru,Oranguru,,False
Orthworm,Orthworm,,False
Overqwil,Overqwil,,False
Palafin,Palafin,,False
Pangoro,Pangoro,,False
Passimian,Passimian,,False
Pawmot,Pawmot,,False
Pelipper,Pelipper,,False
Perrserker,Perrserker,,False
Persian,Persian,,False
Persian-Alola,Persian,Alola,False
Pidgeot,Pidgeot,,False
Pidgeot-Mega,Pidgeot,Mega,True
Pikachu,Pikachu,,False
Pincurchin,Pincurchin,,False
Pinsir,Pinsir,,False
Pinsir-Mega,Pinsir,Mega,True
Politoed,Politoed,,False
Polteageist,Polteageist,,False
Primarina,Primarina,,False
Pyroar,Pyroar,,False
Pyroar-Mega,Pyroar,Mega,True
Quaquaval,Quaquaval,,False
Qwilfish,Qwilfish,,False
Raichu,Raichu,,False
Raichu-Alola,Raichu,Alola,False
Raichu-Mega-X,Raichu,Mega-X,True
Raichu-Mega-Y,Raichu,Mega-Y,True
Rampardos,Rampardos,,False
Reuniclus,Reuniclus,,False
Rhyperior,Rhyperior,,False
Rillaboom,Rillaboom,,False
Roserade,Roserade,,False
Rotom,Rotom,,False
Rotom-Fan,Rotom,Fan,False
Rotom-Frost,Rotom,Frost,False
Rotom-Heat,Rotom,Heat,False
Rotom-Mow,Rotom,Mow,False
Rotom-Wash,Rotom,Wash,False
Runerigus,Runerigus,,False
Sableye,Sableye,,False
Sableye-Mega,Sableye,Mega,True
Salamence,Salamence,,False
Salamence-Mega,Salamence,Mega,True
Salazzle,Salazzle,,False
Samurott,Samurott,,False
Samurott-Hisui,Samurott,Hisui,False
Sandaconda,Sandaconda,,False
Sceptile,Sceptile,,False
Sceptile-Mega,Sceptile,Mega,True
Scizor,Scizor,,False
Scizor-Mega,Scizor,Mega,True
Scolipede,Scolipede,,False
Scolipede-Mega,Scolipede,Mega,True
Scovillain,Scovillain,,False
Scovillain-Mega,Scovillain,Mega,True
Scrafty,Scrafty,,False
Scrafty-Mega,Scrafty,Mega,True
Serperior,Serperior,,False
Sharpedo,Sharpedo,,False
Sharpedo-Mega,Sharpedo,Mega,True
Simipour,Simipour,,False
Simisage,Simisage,,False
Simisear,Simisear,,False
Sinistcha,Sinistcha,,False
Sirfetch'd,Sirfetch'd,,False
Skarmory,Skarmory,,False
Skarmory-Mega,Skarmory,Mega,True
Skeledirge,Skeledirge,,False
Slowbro,Slowbro,,False
Slowbro-Galar,Slowbro,Galar,False
Slowbro-Mega,Slowbro,Mega,True
Slowking,Slowking,,False
Slowking-Galar,Slowking,Galar,False
Slurpuff,Slurpuff,,False
Sneasler,Sneasler,,False
Snorlax,Snorlax,,False
Spiritomb,Spiritomb,,False
Squawkabilly,Squawkabilly,,False
Staraptor,Staraptor,,False
Staraptor-Mega,Staraptor,Mega,True
Starmie,Starmie,,False
Starmie-Mega,Starmie,Mega,True
Steelix,Steelix,,False
Steelix-Mega,Steelix,Mega,True
Stunfisk,Stunfisk,,False
Stunfisk-Galar,Stunfisk,Galar,False
Swalot,Swalot,,False
Swampert,Swampert,,False
Swampert-Mega,Swampert,Mega,True
Sylveon,Sylveon,,False
Talonflame,Talonflame,,False
Tauros,Tauros,,False
Tauros-Paldea-Aqua,Tauros,Paldea-Aqua,False
Tauros-Paldea-Blaze,Tauros,Paldea-Blaze,False
Tauros-Paldea-Combat,Tauros,Paldea-Combat,False
Thievul,Thievul,,False
Tinkaton,Tinkaton,,False
Torkoal,Torkoal,,False
Torterra,Torterra,,False
Toucannon,Toucannon,,False
Toxapex,Toxapex,,False
Toxicroak,Toxicroak,,False
Toxtricity,Toxtricity,,False
Trevenant,Trevenant,,False
Tsareena,Tsareena,,False
Typhlosion,Typhlosion,,False
Typhlosion-Hisui,Typhlosion,Hisui,False
Tyranitar,Tyranitar,,False
Tyranitar-Mega,Tyranitar,Mega,True
Tyrantrum,Tyrantrum,,False
Umbreon,Umbreon,,False
Vanilluxe,Vanilluxe,,False
Vaporeon,Vaporeon,,False
Venusaur,Venusaur,,False
Venusaur-Mega,Venusaur,Mega,True
Victreebel,Victreebel,,False
Victreebel-Mega,Victreebel,Mega,True
Vileplume,Vileplume,,False
Vivillon,Vivillon,,False
Volcarona,Volcarona,,False
Watchog,Watchog,,False
Weavile,Weavile,,False
Whimsicott,Whimsicott,,False
Wigglytuff,Wigglytuff,,False
Wyrdeer,Wyrdeer,,False
Zoroark,Zoroark,,False
Zoroark-Hisui,Zoroark,Hisui,False
