date_snapshot,regulation,format_id,palier,pokemon,pokemon_adverse,score_matchup,moyenne,ecart_type,ko_pct,switch_pct
2026-09-30,M-C,gen9championsvgc2026regmcbo3,0,Rillaboom,Venusaur,50.113,55.6,1.37,27.4,28.2
2026-09-30,M-C,gen9championsvgc2026regmcbo3,0,Sneasler,Camerupt-Mega,53.69,61.42,1.93,42.4,19.1
2026-09-30,M-C,gen9championsvgc2026regmcbo3,0,Sneasler,Torkoal,51.478,58.02,1.64,39.2,18.8
2026-09-30,M-C,gen9championsvgc2026regmcbo3,0,Incineroar,Camerupt-Mega,54.526,60.05,1.38,32.6,27.4
2026-09-30,M-C,gen9championsvgc2026regmcbo3,0,Incineroar,Arcanine-Hisui,52.481,54.78,0.58,24.9,29.9
2026-09-30,M-C,gen9championsvgc2026regmcbo3,0,Incineroar,Sneasler,50.135,51.55,0.35,19.7,31.9
2026-09-30,M-C,gen9championsvgc2026regmcbo3,0,Salamence-Mega,Camerupt-Mega,52.861,61.83,2.24,36.0,25.8
2026-09-30,M-C,gen9championsvgc2026regmcbo3,0,Salamence-Mega,Arcanine-Hisui,50.613,54.44,0.96,26.4,28.1
2026-09-30,M-C,gen9championsvgc2026regmcbo3,0,Salamence-Mega,Sylveon,50.371,55.04,1.17,25.8,29.3
2026-09-30,M-C,gen9championsvgc2026regmcbo3,0,Kingambit,Torkoal,53.185,59.67,1.62,37.0,22.6
2026-09-30,M-C,gen9championsvgc2026regmcbo3,0,Kingambit,Camerupt-Mega,51.968,59.33,1.84,36.9,22.4
2026-09-30,M-C,gen9championsvgc2026regmcbo3,0,Gholdengo,Arcanine-Hisui,54.939,58.15,0.8,30.8,27.4
2026-09-30,M-C,gen9championsvgc2026regmcbo3,0,Gholdengo,Kingambit,50.188,53.2,0.75,27.3,25.9
2026-09-30,M-C,gen9championsvgc2026regmcbo3,0,Gholdengo,Torkoal,50.061,57.18,1.78,33.4,23.8
2026-09-30,M-C,gen9championsvgc2026regmcbo3,0,Indeedee-F,Excadrill,50.946,57.52,1.64,30.5,27.0
2026-09-30,M-C,gen9championsvgc2026regmcbo3,0,Basculegion,Torkoal,54.093,61.37,1.82,39.1,22.3
2026-09-30,M-C,gen9championsvgc2026regmcbo3,0,Raichu-Mega-Y,Sneasler,50.727,53.56,0.71,16.5,37.1
2026-09-30,M-C,gen9championsvgc2026regmcbo3,0,Farigiraf,Camerupt-Mega,50.46,61.3,2.71,38.7,22.6
2026-09-30,M-C,gen9championsvgc2026regmcbo3,0,Farigiraf,Excadrill,50.058,58.47,2.1,29.1,29.3
2026-09-30,M-C,gen9championsvgc2026regmcbo3,0,Arcanine-Hisui,Camerupt-Mega,53.167,62.05,2.22,40.7,21.4
2026-09-30,M-C,gen9championsvgc2026regmcbo3,0,Floette-Mega,Sneasler,54.488,57.94,0.86,21.1,36.9
2026-09-30,M-C,gen9championsvgc2026regmcbo3,0,Floette-Mega,Arcanine-Hisui,52.196,58.5,1.58,26.6,31.9
2026-09-30,M-C,gen9championsvgc2026regmcbo3,0,Floette-Mega,Sylveon,50.107,57.79,1.92,23.8,34.0
2026-09-30,M-C,gen9championsvgc2026regmcbo3,0,Golisopod-Mega,Charizard-Mega-Y,50.73,56.99,1.56,32.3,24.7
2026-09-30,M-C,gen9championsvgc2026regmcbo3,0,Milotic,Rillaboom,52.043,54.65,0.65,20.8,33.8
2026-09-30,M-C,gen9championsvgc2026regmcbo3,0,Charizard-Mega-Y,Arcanine-Hisui,50.591,55.58,1.25,25.4,30.2
2026-09-30,M-C,gen9championsvgc2026regmcbo3,0,Charizard-Mega-Y,Garchomp,50.382,56.97,1.65,23.8,33.2
2026-09-30,M-C,gen9championsvgc2026regmcbo3,0,Archaludon,Camerupt-Mega,50.513,62.7,3.05,32.1,30.6
2026-09-30,M-C,gen9championsvgc2026regmcbo3,0,Archaludon,Sneasler,50.107,53.23,0.78,22.4,30.8
2026-09-30,M-C,gen9championsvgc2026regmcbo3,0,Pelipper,Arcanine-Hisui,52.317,57.79,1.37,32.8,25.0
2026-09-30,M-C,gen9championsvgc2026regmcbo3,0,Whimsicott,Arcanine-Hisui,51.042,57.23,1.55,26.9,30.4
2026-09-30,M-C,gen9championsvgc2026regmcbo3,0,Sinistcha,Camerupt-Mega,56.074,70.3,3.56,43.0,27.3
2026-09-30,M-C,gen9championsvgc2026regmcbo3,0,Sinistcha,Torkoal,51.181,63.35,3.04,37.5,25.9
2026-09-30,M-C,gen9championsvgc2026regmcbo3,0,Sinistcha,Arcanine-Hisui,50.253,56.83,1.64,35.7,21.1
2026-09-30,M-C,gen9championsvgc2026regmcbo3,0,Gengar-Mega,Venusaur,58.54,70.16,2.91,15.7,54.4
2026-09-30,M-C,gen9championsvgc2026regmcbo3,0,Gengar-Mega,Kingambit,57.996,62.85,1.21,18.6,44.3
2026-09-30,M-C,gen9championsvgc2026regmcbo3,0,Gengar-Mega,Excadrill,57.361,68.11,2.69,19.6,48.5
2026-09-30,M-C,gen9championsvgc2026regmcbo3,0,Gengar-Mega,Sneasler,57.268,61.39,1.03,17.9,43.5
2026-09-30,M-C,gen9championsvgc2026regmcbo3,0,Gengar-Mega,Indeedee-F,57.187,62.84,1.41,15.4,47.4
2026-09-30,M-C,gen9championsvgc2026regmcbo3,0,Gengar-Mega,Camerupt-Mega,56.492,73.04,4.14,32.2,40.9
2026-09-30,M-C,gen9championsvgc2026regmcbo3,0,Gengar-Mega,Gardevoir-Mega,56.38,66.67,2.57,16.7,50.0
2026-09-30,M-C,gen9championsvgc2026regmcbo3,0,Gengar-Mega,Kommo-o,56.339,68.53,3.05,19.8,48.7
2026-09-30,M-C,gen9championsvgc2026regmcbo3,0,Gengar-Mega,Garchomp,55.997,64.07,2.02,17.3,46.7
2026-09-30,M-C,gen9championsvgc2026regmcbo3,0,Gengar-Mega,Charizard-Mega-Y,55.795,63.34,1.89,22.5,40.8
2026-09-30,M-C,gen9championsvgc2026regmcbo3,0,Gengar-Mega,Arcanine-Hisui,54.43,61.37,1.74,21.7,39.6
2026-09-30,M-C,gen9championsvgc2026regmcbo3,0,Froslass-Mega,Arcanine-Hisui,53.063,60.74,1.92,24.9,35.9
2026-09-30,M-C,gen9championsvgc2026regmcbo3,0,Grimmsnarl,Sylveon,53.594,62.05,2.11,26.8,35.3
2026-09-30,M-C,gen9championsvgc2026regmcbo3,0,Grimmsnarl,Sneasler,52.728,57.08,1.09,18.6,38.5
2026-09-30,M-C,gen9championsvgc2026regmcbo3,0,Grimmsnarl,Arcanine-Hisui,51.35,59.4,2.01,21.3,38.1
2026-09-30,M-C,gen9championsvgc2026regmcbo3,0,Grimmsnarl,Excadrill,50.449,61.97,2.88,17.3,44.7
2026-09-30,M-C,gen9championsvgc2026regmcbo3,0,Grimmsnarl,Gholdengo,50.296,56.76,1.62,19.8,37.0
2026-09-30,M-C,gen9championsvgc2026regmcbo3,0,Grimmsnarl,Rillaboom,50.127,54.41,1.07,20.7,33.7
2026-09-30,M-C,gen9championsvgc2026regmcbo3,0,Delphox-Mega,Arcanine-Hisui,53.131,60.84,1.93,27.0,33.9
2026-09-30,M-C,gen9championsvgc2026regmcbo3,0,Delphox-Mega,Kingambit,52.273,59.51,1.81,25.4,34.1
2026-09-30,M-C,gen9championsvgc2026regmcbo3,0,Annihilape,Sylveon,55.823,67.02,2.8,28.4,38.7
2026-09-30,M-C,gen9championsvgc2026regmcbo3,0,Aerodactyl-Mega,Glimmora,60.594,86.21,6.4,27.6,58.6
2026-09-30,M-C,gen9championsvgc2026regmcbo3,0,Aerodactyl-Mega,Kingambit,52.624,63.01,2.6,26.3,36.7
2026-09-30,M-C,gen9championsvgc2026regmcbo3,0,Vivillon,Tyranitar-Mega,51.242,73.77,5.63,42.6,31.1
2026-09-30,M-C,gen9championsvgc2026regmcbo3,0,Toxapex,Sneasler,53.467,62.79,2.33,21.4,41.4
2026-09-30,M-C,gen9championsvgc2026regmcbo3,0,Sableye,Venusaur,51.579,81.48,7.48,22.2,59.3
2026-09-30,M-C,gen9championsvgc2026regmcbo3,0,Rotom-Wash,Sneasler,50.103,61.51,2.85,28.2,33.3
2026-09-30,M-C,gen9championsvgc2026regmcbo3,0,Scovillain-Mega,Sneasler,51.541,63.24,2.92,30.9,32.4
2026-09-30,M-C,gen9championsvgc2026regmcbo3,0,Snorlax,Farigiraf,52.192,78.05,6.46,22.0,56.1
2026-09-30,M-C,gen9championsvgc2026regmcbo3,1500,Incineroar,Camerupt-Mega,52.402,59.9,1.87,31.8,28.1
2026-09-30,M-C,gen9championsvgc2026regmcbo3,1500,Incineroar,Arcanine-Hisui,52.204,55.25,0.76,24.6,30.7
2026-09-30,M-C,gen9championsvgc2026regmcbo3,1500,Incineroar,Sneasler,50.534,52.47,0.49,20.1,32.3
2026-09-30,M-C,gen9championsvgc2026regmcbo3,1500,Salamence-Mega,Arcanine-Hisui,50.539,55.8,1.32,26.7,29.1
2026-09-30,M-C,gen9championsvgc2026regmcbo3,1500,Salamence-Mega,Camerupt-Mega,50.508,63.05,3.14,34.1,29.0
2026-09-30,M-C,gen9championsvgc2026regmcbo3,1500,Kingambit,Camerupt-Mega,50.795,60.78,2.5,38.2,22.6
2026-09-30,M-C,gen9championsvgc2026regmcbo3,1500,Kingambit,Torkoal,50.408,59.79,2.34,37.4,22.4
2026-09-30,M-C,gen9championsvgc2026regmcbo3,1500,Gholdengo,Arcanine-Hisui,54.367,58.53,1.04,30.1,28.4
2026-09-30,M-C,gen9championsvgc2026regmcbo3,1500,Basculegion,Torkoal,50.653,61.57,2.73,38.4,23.2
2026-09-30,M-C,gen9championsvgc2026regmcbo3,1500,Arcanine-Hisui,Camerupt-Mega,50.71,62.56,2.96,41.0,21.6
2026-09-30,M-C,gen9championsvgc2026regmcbo3,1500,Floette-Mega,Sneasler,52.885,57.62,1.18,19.8,37.8
2026-09-30,M-C,gen9championsvgc2026regmcbo3,1500,Charizard-Mega-Y,Arcanine-Hisui,50.339,56.67,1.58,25.8,30.9
2026-09-30,M-C,gen9championsvgc2026regmcbo3,1500,Archaludon,Sneasler,50.289,54.61,1.08,22.5,32.1
2026-09-30,M-C,gen9championsvgc2026regmcbo3,1500,Gengar-Mega,Venusaur,58.54,72.04,3.37,16.0,56.1
2026-09-30,M-C,gen9championsvgc2026regmcbo3,1500,Gengar-Mega,Kingambit,56.264,62.37,1.53,17.9,44.5
2026-09-30,M-C,gen9championsvgc2026regmcbo3,1500,Gengar-Mega,Indeedee-F,55.938,63.82,1.97,16.4,47.4
2026-09-30,M-C,gen9championsvgc2026regmcbo3,1500,Gengar-Mega,Kommo-o,55.778,69.85,3.52,19.7,50.1
2026-09-30,M-C,gen9championsvgc2026regmcbo3,1500,Gengar-Mega,Sneasler,55.215,60.61,1.35,16.8,43.8
2026-09-30,M-C,gen9championsvgc2026regmcbo3,1500,Gengar-Mega,Garchomp,54.261,64.65,2.6,17.9,46.7
2026-09-30,M-C,gen9championsvgc2026regmcbo3,1500,Gengar-Mega,Gholdengo,54.132,59.55,1.35,12.6,47.0
2026-09-30,M-C,gen9championsvgc2026regmcbo3,1500,Gengar-Mega,Charizard-Mega-Y,53.211,62.79,2.39,21.7,41.1
2026-09-30,M-C,gen9championsvgc2026regmcbo3,1500,Gengar-Mega,Arcanine-Hisui,53.007,61.95,2.24,21.3,40.6
2026-09-30,M-C,gen9championsvgc2026regmcbo3,1500,Gengar-Mega,Incineroar,51.729,56.54,1.2,13.4,43.1
2026-09-30,M-C,gen9championsvgc2026regmcbo3,1500,Gengar-Mega,Excadrill,51.573,66.05,3.62,18.2,47.8
2026-09-30,M-C,gen9championsvgc2026regmcbo3,1500,Froslass-Mega,Arcanine-Hisui,51.469,61.38,2.48,24.2,37.2
2026-09-30,M-C,gen9championsvgc2026regmcbo3,1500,Grimmsnarl,Sneasler,50.245,56.34,1.52,18.1,38.2
2026-09-30,M-C,gen9championsvgc2026regmcbo3,1500,Delphox-Mega,Arcanine-Hisui,52.013,62.74,2.68,25.1,37.7
2026-09-30,M-C,gen9championsvgc2026regmcbo3,1500,Delphox-Mega,Kingambit,50.869,60.87,2.5,22.8,38.0
2026-09-30,M-C,gen9championsvgc2026regmcbo3,1500,Aerodactyl-Mega,Kingambit,50.589,63.66,3.27,25.3,38.3
2026-09-30,M-C,gen9championsvgc2026regmcbo3,1630,Gengar-Mega,Kingambit,50.781,62.68,2.98,17.8,44.9
2026-09-30,M-C,gen9championsvgc2026regmcbo3,1630,Gengar-Mega,Gholdengo,50.051,60.76,2.68,11.8,48.9
